This file is a merged representation of the entire codebase, combined into a single document by Repomix.

<file_summary>
This section contains a summary of this file.

<purpose>
This file contains a packed representation of the entire repository's contents.
It is designed to be easily consumable by AI systems for analysis, code review,
or other automated processes.
</purpose>

<file_format>
The content is organized as follows:
1. This summary section
2. Repository information
3. Directory structure
4. Repository files (if enabled)
4. Repository files, each consisting of:
  - File path as an attribute
  - Full contents of the file
</file_format>

<usage_guidelines>
- This file should be treated as read-only. Any changes should be made to the
  original repository files, not this packed version.
- When processing this file, use the file path to distinguish
  between different files in the repository.
- Be aware that this file may contain sensitive information. Handle it with
  the same level of security as you would the original repository.
</usage_guidelines>

<notes>
- Some files may have been excluded based on .gitignore rules and Repomix's configuration
- Binary files are not included in this packed representation. Please refer to the Repository Structure section for a complete list of file paths, including binary files
- Files matching patterns in .gitignore are excluded
- Files matching default ignore patterns are excluded
- Files are sorted by Git change count (files with more changes are at the bottom)
</notes>

<additional_info>

</additional_info>

</file_summary>

<directory_structure>
config/AwsConfig.java
config/RedisConfig.java
controller/ItemController.java
controller/StorageController.java
DemoApplication.java
model/Item.java
service/ItemService.java
service/ObjectStorageService.java
</directory_structure>

<files>
This section contains the contents of the repository's files.

<file path="config/AwsConfig.java">
package com.example.demo.config;

import java.net.URI;

import org.springframework.beans.factory.annotation.Value;
import org.springframework.context.annotation.Bean;
import org.springframework.context.annotation.Configuration;
import org.springframework.context.annotation.Profile;
import software.amazon.awssdk.auth.credentials.AwsCredentialsProvider;
import software.amazon.awssdk.auth.credentials.StaticCredentialsProvider;
import software.amazon.awssdk.regions.Region;
import software.amazon.awssdk.services.dynamodb.DynamoDbClient;
import software.amazon.awssdk.services.dynamodb.DynamoDbClientBuilder;
import software.amazon.awssdk.services.s3.S3Client;
import software.amazon.awssdk.services.s3.S3ClientBuilder;

@Configuration
public class AwsConfig {

  @Value("${aws.dynamodb.endpoint:}")
  private String dynamoDbEndpoint;

  @Value("${aws.s3.endpoint:}")
  private String s3Endpoint;

  @Value("${aws.dynamodb.region}")
  private String dynamoDbRegion;

  @Value("${aws.s3.region}")
  private String s3Region;

  @Value("${cloud.aws.credentials.access-key:}")
  private String accessKey;

  @Value("${cloud.aws.credentials.secret-key:}")
  private String secretKey;

  @Bean
  @Profile("local")
  public AwsCredentialsProvider localCredentialsProvider() {
    return StaticCredentialsProvider.create(
        software.amazon.awssdk.auth.credentials.AwsBasicCredentials.create(accessKey, secretKey)
    );
  }

  @Bean
  @Profile("!local")
  public AwsCredentialsProvider awsCredentialsProvider() {
    return software.amazon.awssdk.auth.credentials.DefaultCredentialsProvider.create();
  }

  @Bean
  public DynamoDbClient dynamoDbClient(AwsCredentialsProvider credentialsProvider) {
    DynamoDbClientBuilder builder = DynamoDbClient.builder()
        .region(Region.of(dynamoDbRegion))
        .credentialsProvider(credentialsProvider);

    if (!dynamoDbEndpoint.isEmpty()) {
      builder.endpointOverride(URI.create(dynamoDbEndpoint));
    }

    return builder.build();
  }

  @Bean
  public S3Client s3Client(AwsCredentialsProvider credentialsProvider) {
    S3ClientBuilder builder = S3Client.builder()
        .region(Region.of(s3Region))
        .credentialsProvider(credentialsProvider);

    if (!s3Endpoint.isEmpty()) {
      builder.endpointOverride(URI.create(s3Endpoint));
      builder.forcePathStyle(true);
    }

    return builder.build();
  }
}
</file>

<file path="config/RedisConfig.java">
package com.example.demo.config;

import com.example.demo.model.Item;
import org.springframework.context.annotation.Bean;
import org.springframework.context.annotation.Configuration;
import org.springframework.data.redis.connection.RedisConnectionFactory;
import org.springframework.data.redis.core.RedisTemplate;
import org.springframework.data.redis.serializer.Jackson2JsonRedisSerializer;
import org.springframework.data.redis.serializer.StringRedisSerializer;

@Configuration
public class RedisConfig {

  @Bean
  public RedisTemplate<String, Item> redisTemplate(RedisConnectionFactory connectionFactory) {
    RedisTemplate<String, Item> template = new RedisTemplate<>();
    template.setConnectionFactory(connectionFactory);

    // Key serializer
    template.setKeySerializer(new StringRedisSerializer());

    // Value serializer (JSON for Item)
    Jackson2JsonRedisSerializer<Item> serializer = new Jackson2JsonRedisSerializer<>(Item.class);
    template.setValueSerializer(serializer);

    template.setHashKeySerializer(new StringRedisSerializer());
    template.setHashValueSerializer(serializer);

    template.afterPropertiesSet();
    return template;
  }
}
</file>

<file path="controller/ItemController.java">
package com.example.demo.controller;

import com.example.demo.model.Item;
import com.example.demo.service.ItemService;
import lombok.RequiredArgsConstructor;
import org.springframework.http.ResponseEntity;
import org.springframework.stereotype.Controller;
import org.springframework.web.bind.annotation.*;

import java.util.Optional;

@RestController
@RequestMapping("/api/items")
@RequiredArgsConstructor
public class ItemController {

  private final ItemService itemService;

  @PostMapping
  public ResponseEntity<Void> createItem(@RequestBody Item item) {
    itemService.saveItem(item);
    return ResponseEntity.ok().build();
  }

  @GetMapping("/{id}")
  public ResponseEntity<Item> getItem(@PathVariable String id) {
    Optional<Item> item = itemService.getItem(id);
    return item.map(ResponseEntity::ok)
        .orElse(ResponseEntity.notFound().build());
  }

  @GetMapping("/hello")
  public ResponseEntity<String> testHello() {
    return ResponseEntity.ok("Hello World");
  }
}
</file>

<file path="controller/StorageController.java">
package com.example.demo.controller;

import com.example.demo.service.ObjectStorageService;
import lombok.RequiredArgsConstructor;
import org.springframework.http.ResponseEntity;
import org.springframework.web.bind.annotation.*;

@RestController
@RequestMapping("/api/storage")
@RequiredArgsConstructor
public class StorageController {

  private final ObjectStorageService storageService;

  @PostMapping("/upload/{key}")
  public ResponseEntity<Void> upload(@PathVariable String key, @RequestBody String content) {
    storageService.uploadObject(key, content);
    return ResponseEntity.ok().build();
  }

  @GetMapping("/download/{key}")
  public ResponseEntity<String> download(@PathVariable String key) {
    String content = storageService.downloadObjectAsString(key);
    return ResponseEntity.ok(content);
  }
}
</file>

<file path="DemoApplication.java">
package com.example.demo;

import org.springframework.boot.SpringApplication;
import org.springframework.boot.autoconfigure.SpringBootApplication;

@SpringBootApplication
public class DemoApplication {

  public static void main(String[] args) {
    SpringApplication.run(DemoApplication.class, args);
  }

}
</file>

<file path="model/Item.java">
package com.example.demo.model;

import com.fasterxml.jackson.annotation.JsonCreator;
import com.fasterxml.jackson.annotation.JsonProperty;
import lombok.Value;

@Value
public class Item {
  String id;
  String name;
  String data;

  @JsonCreator
  public Item(
      @JsonProperty("id") String id,
      @JsonProperty("name") String name,
      @JsonProperty("data") String data) {
    this.id = id;
    this.name = name;
    this.data = data;
  }
}
</file>

<file path="service/ItemService.java">
package com.example.demo.service;

import com.example.demo.model.Item;
import jakarta.annotation.PostConstruct;
import lombok.AllArgsConstructor;
import lombok.RequiredArgsConstructor;
import lombok.extern.slf4j.Slf4j;
import org.springframework.beans.factory.annotation.Value;
import org.springframework.data.redis.core.RedisTemplate;
import org.springframework.stereotype.Service;
import software.amazon.awssdk.services.dynamodb.DynamoDbClient;
import software.amazon.awssdk.services.dynamodb.model.*;

import java.time.Duration;
import java.util.Map;
import java.util.Optional;

import static java.util.Map.entry;

@Service
@RequiredArgsConstructor
@Slf4j
public class ItemService {

  private static final String TABLE_NAME = "Items";

  private final DynamoDbClient dynamoDbClient;
  private final RedisTemplate<String, Item> redisTemplate;

  @Value("${app.cache.ttl-seconds:600}")
  private long cacheTtlSeconds;

  @PostConstruct
  public void createTableIfNotExists() {
    try {
      dynamoDbClient.describeTable(DescribeTableRequest.builder().tableName(TABLE_NAME).build());
      log.info("DynamoDB table {} already exists", TABLE_NAME);
    } catch (ResourceNotFoundException e) {
      log.info("Creating DynamoDB table: {}", TABLE_NAME);
      dynamoDbClient.createTable(CreateTableRequest.builder()
          .tableName(TABLE_NAME)
          .keySchema(KeySchemaElement.builder()
              .attributeName("id")
              .keyType(KeyType.HASH)
              .build())
          .attributeDefinitions(AttributeDefinition.builder()
              .attributeName("id")
              .attributeType(ScalarAttributeType.S)
              .build())
          .billingMode(BillingMode.PAY_PER_REQUEST)
          .build());
      log.info("Table {} created", TABLE_NAME);
    } catch (Exception e) {
      log.error("Error checking/creating table", e);
    }
  }

  public Optional<Item> getItem(String id) {
    log.debug("Fetching item with id: {}", id);

    // 1. Try cache
    Item cached = redisTemplate.opsForValue().get(id);
    if (cached != null) {
      log.debug("Cache HIT for id: {}", id);
      return Optional.of(cached);
    }

    log.debug("Cache MISS for id: {}", id);

    // 2. Read from DynamoDB
    try {
      GetItemResponse response = dynamoDbClient.getItem(GetItemRequest.builder()
          .tableName(TABLE_NAME)
          .key(Map.of("id", AttributeValue.builder().s(id).build()))
          .build());

      if (response.hasItem()) {
        Map<String, AttributeValue> itemMap = response.item();
        String name = itemMap.get("name") != null ? itemMap.get("name").s() : null;
        String data = itemMap.get("data") != null ? itemMap.get("data").s() : null;

        Item item = new Item(id, name, data);

        // 3. Write to cache (cache-aside)
        redisTemplate.opsForValue().set(id, item, Duration.ofSeconds(cacheTtlSeconds));
        log.debug("Loaded from DB and cached item: {}", id);
        return Optional.of(item);
      } else {
        log.debug("Item not found in DB: {}", id);
        return Optional.empty();
      }
    } catch (Exception e) {
      log.error("Error reading from DynamoDB", e);
      throw new RuntimeException("Failed to retrieve item", e);
    }
  }

  public void saveItem(Item item) {
    String id = item.getId();
    log.debug("Saving item with id: {}", id);

    // 1. Write to DynamoDB
    try {
      Map<String, AttributeValue> itemMap = Map.ofEntries(
          entry("id", AttributeValue.builder().s(item.getId()).build()),
          entry("name", AttributeValue.builder().s(item.getName()).build()),
          entry("data", AttributeValue.builder().s(item.getData()).build())
      );

      dynamoDbClient.putItem(PutItemRequest.builder()
          .tableName(TABLE_NAME)
          .item(itemMap)
          .build());

      log.debug("Saved to DynamoDB: {}", id);
    } catch (Exception e) {
      log.error("Error writing to DynamoDB", e);
      throw new RuntimeException("Failed to save item", e);
    }

    // 2. Update cache (write-through)
    redisTemplate.opsForValue().set(id, item, Duration.ofSeconds(cacheTtlSeconds));
    log.debug("Updated cache for item: {}", id);
  }
}
</file>

<file path="service/ObjectStorageService.java">
package com.example.demo.service;

import java.nio.file.Path;
import java.util.List;
import lombok.RequiredArgsConstructor;
import lombok.extern.slf4j.Slf4j;
import org.springframework.beans.factory.annotation.Value;
import org.springframework.stereotype.Service;
import software.amazon.awssdk.core.sync.RequestBody;
import software.amazon.awssdk.services.s3.S3Client;
import software.amazon.awssdk.services.s3.model.GetObjectRequest;
import software.amazon.awssdk.services.s3.model.PutObjectRequest;
import software.amazon.awssdk.services.s3.model.S3Object;

@Service
@RequiredArgsConstructor
@Slf4j
public class ObjectStorageService {

  private final S3Client s3Client;

  @Value("${app.storage.bucket}")
  private String bucketName;

  public void uploadObject(String key, String content) {
    log.info("Uploading object with key: {} to bucket: {}", key, bucketName);
    s3Client.putObject(
        PutObjectRequest.builder()
            .bucket(bucketName)
            .key(key)
            .build(),
        RequestBody.fromString(content)
    );
  }

  public String downloadObjectAsString(String key) {
    log.info("Downloading object with key: {} from bucket: {}", key, bucketName);
    java.io.ByteArrayOutputStream baos = new java.io.ByteArrayOutputStream();
    s3Client.getObject(
        GetObjectRequest.builder()
            .bucket(bucketName)
            .key(key)
            .build(), (Path) baos);
    return baos.toString();
  }

  public List<S3Object> listObjects() {
    var response = s3Client.listObjectsV2(req -> req.bucket(bucketName));
    return response.contents();
  }
}
</file>

</files>
